{
    "date": "2025-06-14 00:14:02",
    "transcript_file": "/Users/bobbobby/repos/VoiceTreePoc/oldVaults/VoiceTreePOC/og_vt_transcript.txt",
    "output_dir": "/Users/bobbobby/repos/VoiceTreePoc/oldVaults/VoiceTreePOC/QualityTest",
    "quality_log_file": "/Users/bobbobby/repos/VoiceTreePoc/latest_quality_log.txt",
    "workflow_io_log": "/Users/bobbobby/repos/VoiceTreePoc/backend/agentic_workflows/workflow_io.log",
    "git_commit_hash": "00a3e555f694423d1e710bb5eb577f5470431e0e",
    "git_commit_message": "All tests passing, fast mode"
}